Post ID,Post Title,Number of Images,Primary Keyword,Status,Created Date,Has Featured Image
"d2396d9d-4886-4b7d-a97f-7da25562d8d6","Try formater",33,"try formater","private","2025-08-10T18:24:30.778804+00:00","Yes"
"cf46a4a8-eb8c-4275-9d0a-484b7364985b","trr",22,"trr","private","2025-08-10T10:59:36.71787+00:00","Yes"
"ce4c7ef4-2edf-4ca3-9893-e13a99429328","Format try",22,"format try","private","2025-08-10T10:52:06.901693+00:00","Yes"
"89f5dbc9-a9f4-4d3a-be2c-e2b9cfec82d2","hi new",0,"","private","2025-08-10T10:39:52.809906+00:00","Yes"
"eb3c1aa3-fea3-47db-8d87-a49bb7831774","Love Shayari in Hindi",0,"love shayari","private","2025-08-04T13:09:57.969291+00:00","No"
"c675a1f3-19a9-4882-945f-406c7db719b4","Latest Post",0,"post","private","2025-06-19T21:35:00+00:00","No"
"4bb9ed3f-6dcc-45d7-9a54-0cd05f32d10a","Home",0,"home","private","2025-06-19T21:34:41+00:00","No"
"7bac9e8d-a5c8-4452-a8e7-526806bf5b13","121+ BEST Merry Christmas Wishes images and Messages",20,"Merry Christmas Wishes","private","2025-06-18T16:07:12+00:00","Yes"
"27a97795-b7c0-4487-9c62-8c0e2ecfe717","Birthday Wishes For Your Best Friend",18,"Birthday Wishes For Your Best Friend","private","2025-06-18T16:06:19+00:00","Yes"
"efd6a6f8-e8c1-4f29-9cb9-912bb747288c","Best 51+ Swami Vivekananda Quotes To Inspire Everyone",12,"Swami Vivekananda Quotes","private","2025-06-18T16:00:44+00:00","Yes"
"dc265d96-72f4-4259-9274-558a527f94dc","251+ One Side Love Shayari in Hindi ‚Äì ‡§Ö‡§ß‡•Ç‡§∞‡•Ä ‡§Æ‡•ã‡§π‡§¨‡•ç‡§¨‡§§ ‡§ï‡•Ä ‡§Ü‡§µ‡§æ‡§ú‡§º",18,"One Side Love Shayari in Hindi","private","2025-06-17T08:32:21+00:00","Yes"
"8bba9cd5-9d05-4c25-9c9d-288fde54c946","451+ Best Attitude Shayari for Friends ‚Äì Bold ‡§î‡§∞ Stylish",16,"Attitude Shayari for Friends","private","2025-06-09T09:21:11+00:00","Yes"
"3cfe0b89-3c0b-4260-8089-c1378c51544d","501+ Best Instagram Bio for Boys & Girls ‚Äì Stylish Bio Ideas",16,"Instagram Bio","private","2025-05-29T12:07:12+00:00","Yes"
"de5e6885-5e66-4cd4-8977-9999d3a0afa3","451+ Best Instagram Bio with Emoji for Girl ‚Äì Cute & Stylish",12,"best instagram bio with emoji for girl","private","2025-05-27T02:34:46+00:00","Yes"
"4dd38915-c504-4f46-9128-b7a201e2545d","301+ Best Paisa Shayari in Hindi ‚Äì ‡§™‡•à‡§∏‡§æ, ‡§™‡•ç‡§Ø‡§æ‡§∞ ‡§î‡§∞ ‡§î‡§ï‡§æ‡§§",11,"Paisa Shayari in Hindi","private","2025-05-26T20:24:54+00:00","Yes"
"3ff9efaa-1f58-4eb2-81d4-40b1ee35a7a1","401+ Best Quotes for Instagram Bio ‚Äì Short ‡§¨‡§æ‡§§‡•á‡§Ç, Cool Look",14,"Quotes for Instagram Bio","private","2025-05-25T15:34:00+00:00","Yes"
"e1c413b6-badc-4d63-8b69-2329ea06ec44","501+ Best Instagram Bio for Couple ‚Äì ‡§™‡•ç‡§Ø‡§æ‡§∞, ‡§∏‡•ç‡§ü‡§æ‡§á‡§≤ ‡§î‡§∞ ‡§ú‡•Å‡§°‡§º‡§æ‡§µ",15,"Instagram Bio for Couple","private","2025-05-25T11:03:01+00:00","Yes"
"6da05141-1295-480c-8a6d-f101ba4958ea","251+ Best Swag Bio for Instagram Boy ‚Äì Bold ‡§î‡§∞ Stylish Look",7,"swag bio for instagram boy","published","2025-05-24T17:45:52+00:00","Yes"
"a2bf2bfe-eebe-44c5-9364-719535d564d0","301+ Best Family Shayari in Hindi ‚Äì ‡§¶‡§ø‡§≤ ‡§õ‡•Ç ‡§≤‡•á‡§®‡•á ‡§µ‡§æ‡§≤‡•Ä ‡§≤‡§æ‡§á‡§®‡•á",10,"Family Shayari","private","2025-05-24T16:46:40+00:00","Yes"
"d0b7bb5e-5201-4b08-bea8-61a6fb4d00ff","301+ Best Krishna Bio for Instagram ‚Äì ‡§≠‡§ï‡•ç‡§§‡§ø ‡§î‡§∞ ‡§∏‡•ç‡§ü‡§æ‡§á‡§≤ ‡§ï‡§æ ‡§Æ‡•á‡§≤",7,"krishna bio for instagram","private","2025-05-23T17:06:15+00:00","Yes"
"475be661-4c3e-4397-8a76-e1f62539c78e","301+ Best Miss You Yaad Shayari ‚Äì ‡§Ö‡§ß‡•Ç‡§∞‡•Ä ‡§Ø‡§æ‡§¶‡•ã‡§Ç ‡§ï‡•Ä ‡§∏‡§ö‡•ç‡§ö‡•Ä ‡§Ü‡§µ‡§æ‡§ú‡§º",8,"Miss You Yaad Shayari","private","2025-05-23T12:57:23+00:00","Yes"
"662e52e9-7e32-42ca-ab49-dc192c948afc","401+ Best Yaad Shayari in Hindi ‚Äì ‡§Ø‡§æ‡§¶‡•ã‡§Ç ‡§∏‡•á ‡§ú‡•Å‡§°‡§º‡•Ä ‡§ú‡§ú‡§º‡•ç‡§¨‡§æ‡§§‡•Ä ‡§≤‡§æ‡§á‡§®‡•ç‡§∏",18,"Yaad Shayari in Hindi","private","2025-05-22T18:11:23+00:00","Yes"
"9a2b5a21-82b8-464a-8810-1724e2043c63","501+ Best Good Night Shayari in Hindi ‚Äì ‡§∏‡•Å‡§ï‡•Ç‡§® ‡§≠‡§∞‡•Ä ‡§∂‡•Å‡§≠ ‡§∞‡§æ‡§§‡•ç‡§∞‡§ø",22,"Good Night Shayari","private","2025-05-21T11:49:30+00:00","Yes"
"612e1dfb-ffcf-4a41-979d-2e467b5d6607","401+ Best Attitude Shayari for Boys ‚Äì ‡§∂‡•á‡§∞ ‡§ú‡•à‡§∏‡§æ ‡§Ö‡§Ç‡§¶‡§æ‡§ú‡§º",24,"Attitude Shayari for Boys","private","2025-05-19T09:16:00+00:00","Yes"
"64c84a82-29e9-4987-a66d-4b351e39c48d","401+ Best Attitude Shayari for Girls ‚Äì Bold ‡§∏‡•ã‡§ö, Stylish ‡§¨‡§æ‡§§",12,"Attitude Shayari for Girls","private","2025-05-18T20:19:00+00:00","Yes"
"93336614-f782-43a5-8613-3024eea586ca","501+ Best Friendship Shayari in Hindi ‚Äì ‡§¶‡§ø‡§≤ ‡§∏‡•á ‡§ú‡•Å‡§°‡§º‡•Ä ‡§¨‡§æ‡§§‡•á‡§Ç",18,"Friendship Shayari in Hindi","private","2025-05-18T10:40:08+00:00","Yes"
"0c1de375-604a-49c3-bf07-3e6bb554d075","301+ Best Romantic Shayari in Hindi ‚Äì ‡§¶‡§ø‡§≤ ‡§∏‡•á ‡§®‡§ø‡§ï‡§≤‡•Ä ‡§Æ‡•ã‡§π‡§¨‡•ç‡§¨‡§§",14,"Romantic Shayari in Hindi","private","2025-05-18T05:34:34+00:00","Yes"
"e29ffddc-619c-4ce1-9c92-6bb71865061e","451+ Best Birthday Shayari in Hindi ‚Äì ‡§π‡§∞ ‡§∞‡§ø‡§∂‡•ç‡§§‡•á ‡§ï‡•á ‡§≤‡§ø‡§è ‡§ñ‡§æ‡§∏",10,"Birthday Shayari in Hindi","private","2025-05-17T09:16:00+00:00","Yes"
"49c1dabb-fb3f-409a-bba1-734d0ce33246","501+ Best Funny Hindi Shayari ‚Äì ‡§π‡§Ç‡§∏‡•Ä ‡§∏‡•á ‡§≠‡§∞‡§™‡•Ç‡§∞ ‡§Æ‡§ú‡§º‡•á‡§¶‡§æ‡§∞ ‡§≤‡§æ‡§á‡§®‡•á‡§Ç",14,"Funny Hindi Shayari","private","2025-05-17T04:38:10+00:00","Yes"
"c3cc7df0-7a1c-445b-88d2-9fde9054e170","501+ Best Pyar Bhari Shayari ‚Äì ‡§¶‡§ø‡§≤ ‡§∏‡•á ‡§ú‡•Å‡§°‡§º‡•Ä ‡§Æ‡•ã‡§π‡§¨‡•ç‡§¨‡§§",12,"Pyar Bhari Shayari","private","2025-05-16T11:32:12+00:00","Yes"
"2f82344e-1601-4969-9f1c-81a5711bf910","601+ Best Birthday Caption for Best Friend ‚Äì Dil Se Baatein",16,"Birthday Caption for Best Friend","private","2025-05-15T20:22:23+00:00","Yes"
"0855f8a8-d603-4ae9-b8c6-db742adb3886","301+ Bestie Captions for Instagram ‚Äì Cute, Funny & Stylish",15,"Bestie Captions for Instagram","private","2025-05-15T09:16:00+00:00","Yes"
"fadbd737-fb59-46dd-b08f-a47a56af79bf","401+ Best Emotional Friendship Quotes ‚Äì ‡§¶‡§ø‡§≤ ‡§õ‡•Ç‡§®‡•á ‡§µ‡§æ‡§≤‡•Ä ‡§¨‡§æ‡§§‡•á‡§Ç",10,"Emotional Friendship Quotes","published","2025-05-14T19:40:00+00:00","Yes"
"425daab8-3b8b-4763-9cb7-efa2ed9cd4d6","301+ Best Funny Shayari ‚Äì ‡§Æ‡§ú‡§º‡•á‡§¶‡§æ‡§∞ ‡§≤‡§æ‡§á‡§®‡•ã‡§Ç ‡§ï‡§æ Full-On Tadka",72,"Funny Shayari","private","2025-05-14T12:23:56+00:00","Yes"
"2899d3fe-99cb-4016-a5f4-39b59b35d64b","501+ Best Friend Captions ‚Äì ‡§¶‡§ø‡§ñ‡§æ‡§è‡§Ç ‡§Ö‡§™‡§®‡•Ä ‡§¶‡•ã‡§∏‡•ç‡§§‡•Ä ‡§ï‡•Ä Real Vibe",13,"Best Friend Captions","private","2025-05-14T03:30:00+00:00","Yes"
"8c20ee31-35a3-45cd-b9ae-6e2f4756c950","601+ Best Birthday Quotes for Instagram ‚Äì Perfect Vibes",12,"Birthday Quotes for Instagram","private","2025-05-13T19:09:34+00:00","Yes"
"e9c6cac8-d772-43d4-b6a5-d6925cc292ab","401+ After Long Time Meet My Friend Captions ‚Äì ‡§¶‡§ø‡§≤ ‡§∏‡•á ‡§ú‡•Å‡§°‡§º‡§æ‡§µ",11,"After Long Time Meet My Friend Captions","private","2025-05-12T11:09:16+00:00","Yes"
"af40c14d-e529-4b88-b859-b6ba01a627ae","401+ Best Quotes for Instagram Bio ‚Äì ‡§∏‡•ã‡§ö ‡§∏‡•á ‡§¨‡§®‡•á Profile Best",14,"Best Quotes for Instagram Bio","private","2025-05-10T17:36:07+00:00","Yes"
"0bf113de-63ca-46cd-9485-5dfa62dc7ed4","601+ Best 2 Word Captions ‚Äì Short, Stylish & Powerful Lines",10,"2 word captions","private","2025-05-10T04:30:00+00:00","Yes"
"c6908636-bcef-477c-95fb-f0665ea8b5ab","401+ Good Quotes for Instagram Bio ‚Äì ‡§¶‡§ø‡§ñ‡§æ‡§è‡§Ç Real Vibe",11,"good quotes for Instagram bio","private","2025-05-09T09:14:35+00:00","Yes"
"984a7be1-234b-4b75-8898-d9407682a8ee","401+ Instagram Bio Font ‚Äì ‡§¶‡§ø‡§ñ‡§æ‡§è‡§Ç Stylish ‡§î‡§∞ Unique Look",7,"Instagram Bio Font","private","2025-05-07T18:12:50+00:00","Yes"
"d07db4e1-2462-437f-be78-c4d5c12c4e67","201+ Sad Shayari in Hindi ‚Äì Emotional & Heart Touching",47,"Sad Shayari","private","2025-05-06T18:55:18+00:00","Yes"
"d6f8e6eb-9435-43c0-ab08-39f8f3194dec","501+ Best Impressive Instagram Bio for Boys ‚Äì ‡§¶‡§ø‡§ñ‡§æ‡§è‡§Ç Style ‡§î‡§∞ Attitude",10,"impressive instagram bio for boys","private","2025-05-06T17:31:49+00:00","Yes"
"a90b6daf-1b5a-49b4-8219-b38b53d05abd","501+ Best Bio for Instagram for Boys ‚Äì ‡§¶‡§ø‡§ñ‡§æ‡§è‡§Ç ‡§Ö‡§∏‡§≤‡•Ä Swag",12,"Best Bio for Instagram for Boys","private","2025-05-06T11:48:38+00:00","Yes"
"ea68bbaa-4201-41a0-bb9c-80ddf82db582","411+ Best Short Bio for Instagram ‚Äì ‡§™‡•ç‡§∞‡•ã‡§´‡§º‡§æ‡§á‡§≤ ‡§ï‡•ã ‡§¨‡§®‡§æ‡§è‡§Ç ‡§ñ‡§æ‡§∏",6,"Short Bio for Instagram","published","2025-05-05T07:30:00+00:00","Yes"
"db6df62e-56de-487b-a970-432fdc7c9d01","501+ Best Bio for Instagram for Girls Attitude ‚Äì ‡§¶‡§ø‡§ñ‡§æ‡§è‡§Ç Bold ‡§Ö‡§Ç‡§¶‡§æ‡§ú‡§º",11,"bio for instagram for girls attitude","published","2025-05-05T03:30:48+00:00","Yes"
"93d42688-ad84-42d7-98d3-d47fb3f07000","501+ Facebook Bio for Girls ‚Äì ‡§¶‡§ø‡§ñ‡§æ‡§è‡§Ç Bold Look ‡§î‡§∞ Swag",10,"Facebook Bio for Girls","private","2025-05-04T17:29:56+00:00","Yes"
"f41ce134-79bb-47d4-81f1-a74aa8518ec4","651+ Best Facebook Bio for Boys ‚Äì ‡§¶‡§ø‡§ñ‡§æ‡§è‡§Ç Swag ‡§î‡§∞ Style",10,"Facebook Bio for Boys","private","2025-05-04T09:41:30+00:00","Yes"
"e78d2059-86e9-4e43-a5a4-5f98ca2f6af7","501+ Best Facebook Bio ‚Äì ‡§¶‡§ø‡§ñ‡§æ‡§è‡§Ç Style ‡§î‡§∞ Attitude ‡§è‡§ï ‡§∏‡§æ‡§•",10,"Facebook Bio","private","2025-05-03T18:14:17+00:00","Yes"
"1a75d901-9ba8-4a30-ad73-ea86d4843400","351+ Best Instagram Bio for School Boys ‚Äì ‡§™‡•ç‡§∞‡•ã‡§´‡§æ‡§á‡§≤ ‡§¨‡§®‡§æ‡§è‡§Ç ‡§ñ‡§æ‡§∏",12,"Instagram Bio for School Boys","private","2025-05-03T03:30:00+00:00","Yes"
"710e50c9-0555-4279-bd90-bbd6aa95839d","501+ Best Professional Bio for Instagram ‚Äì Shine Your Style",8,"Professional Bio for Instagram","published","2025-05-02T15:04:39+00:00","Yes"
"5f14ccf0-61b0-4918-94d3-8876c8d126ce","401+ Best Motivational Bio for Instagram ‚Äì ‡§¶‡§ø‡§ñ‡§æ‡§è‡§Ç ‡§Ö‡§∏‡§≤‡•Ä ‡§π‡•å‡§∏‡§≤‡§æ",5,"Motivational Bio for Instagram","private","2025-05-02T10:58:56+00:00","Yes"
"745f1399-04e9-470b-aba4-c3c6fe23d90a","501+ Best Funny Instagram Bios ‡§ú‡•ã ‡§™‡•ç‡§∞‡•ã‡§´‡§º‡§æ‡§á‡§≤ ‡§ï‡•ã ‡§Ü‡§ï‡§∞‡•ç‡§∑‡§ï ‡§¨‡§®‡§æ‡§è‡§Ç!",11,"Funny Instagram Bios","private","2025-05-01T18:22:40+00:00","Yes"
"52aa411d-8f85-4920-9403-6dbc0287ef93","201+ Best Aesthetic Instagram Bios ‚Äì Profile ‡§ï‡•ã ‡§¨‡§®‡§æ‡§è‡§Ç Stylish!",10,"Aesthetic Instagram Bios","published","2025-05-01T08:08:32+00:00","Yes"
"0e22fb69-1a77-4244-96da-c1fa7022466a","501+ Best Instagram Bio Shayari ‚Äì ‡§Ö‡§™‡§®‡•Ä ‡§™‡•ç‡§∞‡•ã‡§´‡§æ‡§á‡§≤ ‡§ï‡•ã ‡§¨‡§®‡§æ‡§è‡§Ç ‡§ñ‡§æ‡§∏",10,"Instagram Bio Shayari","private","2025-04-30T18:03:27+00:00","Yes"
"225574f6-cc12-4137-9f5d-466d9e95ec24","409+ Best Instagram Bio Quotes ‚Äì ‡§Ö‡§™‡§®‡•Ä ‡§™‡•ç‡§∞‡•ã‡§´‡§º‡§æ‡§á‡§≤ ‡§ï‡•ã ‡§ñ‡§æ‡§∏ ‡§¨‡§®‡§æ‡§è‡§Ç",7,"Instagram Bio Quotes","private","2025-04-28T17:49:12+00:00","Yes"
"9afbff8c-e439-43d4-aa7a-4aa2dadd6631","201+ Powerful Financial Freedom Quotes for Everyday Motivation",8,"Financial Freedom Quotes","private","2025-04-28T14:40:11+00:00","Yes"
"f9b99409-9d19-4670-9c20-4f38609a1b37","201+ Powerful Personal Loan Status to Inspire and Share",5,"Personal Loan Status","private","2025-04-27T18:11:15+00:00","Yes"
"5d2082fe-6ff5-4000-864c-9823e5dee91f","401+ Best Mahakal Status ‚Äì ‡§Æ‡§π‡§æ‡§ï‡§æ‡§≤ ‡§≠‡§ï‡•ç‡§§‡§ø ‡§î‡§∞ ‡§Ö‡§Ç‡§¶‡§æ‡§ú‡§º ‡§ï‡§æ ‡§¶‡§Æ‡§¶‡§æ‡§∞ ‡§∏‡§Ç‡§ó‡§Æ",20,"Mahakal Status","private","2025-04-27T14:19:38+00:00","Yes"
"251ea016-5140-4f73-9472-5f584dbce044","501+ Best Bio for Business Account ‚Äì Grow on Instagram",11,"Bio for Business Account","private","2025-04-27T11:50:58+00:00","Yes"
"55564f93-8b58-48b7-a6ae-7c65dad752af","601+ Best Mahadev Bio for Instagram ‚Äì Devotional & Stylish",10,"Mahadev Bio for Instagram","private","2025-04-26T13:30:18+00:00","Yes"
"8d5d6e15-d24d-4281-a150-d84af81070c6","1001+ Boldest Attitude Bio for Instagram ‚Äì Stylish & Cool",8,"Attitude Bio for Instagram","private","2025-04-26T02:34:42+00:00","Yes"
"f107e08b-6e4f-4e77-9ebc-fb7c02c21bc6","1001+ Best Mahakal Bio for Instagram ‚Äì Powerful & Stylish",8,"Mahakal Bio for Instagram","private","2025-04-24T18:27:08+00:00","Yes"
"8e14abe9-6fd5-41fb-94f6-37477c07523d","1001+ Best Bio for Instagram ‚Äì Stylish, Cool & Attitude Ideas for Every Vibe",12,"Bio for Instagram","private","2025-04-24T11:17:45+00:00","Yes"
"8dfc83b9-de92-4415-839b-cb2aa146dbe9","501+ Classy Bio for Instagram for Girl ‚Äì Cute & Stylish",6,"Classy Bio for Instagram for Girl","private","2025-04-23T10:22:51+00:00","Yes"
"a259cd61-da5b-4f60-aa7d-db5df64bec6c","501+ Instagram Bio for College Student ‚Äì Cool & Stylish",8,"Instagram Bio for College Student","private","2025-04-22T21:00:00+00:00","Yes"
"9f4d6098-588e-4d59-9bc4-332c1615eb29","501+ Best Gym Lover Bio for Instagram ‚Äì Stylish, Attitude & Fitness Vibes",8,"gym lover bio for instagram","private","2025-04-22T14:42:50+00:00","Yes"
"cabf4aed-ec5b-4a52-95fd-b4725675cfab","551+ Best Instagram Bio Font Style for Boy ‚Äì Cool & Stylish",5,"instagram bio font style for boy‚Äã","private","2025-04-21T19:16:23+00:00","Yes"
"89336d89-1908-4fab-aaf3-238d54aeb7a7","301+ Best Instagram Bio for Boys ‚Äì Stylish, Attitude & Cool Ideas in Hindi",6,"Instagram Bio for Boys","private","2025-04-20T11:00:23+00:00","Yes"
"8f90f1c8-0785-44ec-9d8d-ed3afb8345e3","1001+ Best Insta Bio for Boys ‚Äì Attitude, Stylish & Cool Lines for Instagram",5,"best insta bio for boys","private","2025-04-16T19:55:01+00:00","Yes"
"87b24da9-19a4-4af8-a707-057d289cff0b","301+ Best Instagram Bio in Hindi ‚Äì Stylish, Cute & Attitude",6,"Instagram Bio in Hindi","private","2025-04-15T04:30:00+00:00","Yes"
"c1553983-7239-4b66-8e23-3a54acae3dd7","20+ Aag ka Paryayvachi Shabd ‚Äì ‡§Ü‡§ó ‡§ï‡•á ‡§™‡§∞‡•ç‡§Ø‡§æ‡§Ø‡§µ‡§æ‡§ö‡•Ä ‡§∂‡§¨‡•ç‡§¶ ‡§î‡§∞ ‡§Ö‡§∞‡•ç‡§•",0,"Aag ka Paryayvachi Shabd","private","2025-04-14T12:46:55+00:00","No"
"a7b5fc97-8d0a-477f-98a3-7cd81c3cbc02","101+ Royal Attitude Status in Hindi ‚Äì ‡§∂‡§æ‡§π‡•Ä ‡§∏‡•ã‡§ö ‡§î‡§∞ ‡§∏‡•ç‡§µ‡•à‡§ó",55,"Royal Attitude Status In Hindi","private","2025-04-13T21:42:07+00:00","Yes"
"5f976690-7737-4303-a06c-be28d4be6e47","300+ Stylish Instagram Bios for Girls ‚Äì Cute & Attitude Ideas",5,"Instagram Bios for Girls","private","2025-04-13T18:52:30+00:00","Yes"
"3bff862d-08bb-4fdd-a6c1-524d4278e0aa","501+ Best Instagram VIP Bio for Boy ‚Äì Stylish & Fancy Attitude Bios",5,"Instagram VIP Bio for Boy","private","2025-04-12T18:58:03+00:00","Yes"
"8becf548-2e98-4c3b-88cc-72cded3980ae","Pakshi Ka Paryayvachi Shabd ‚Äì ‡§™‡§ï‡•ç‡§∑‡•Ä ‡§ï‡•á ‡§™‡§∞‡•ç‡§Ø‡§æ‡§Ø‡§µ‡§æ‡§ö‡•Ä ‡§∂‡§¨‡•ç‡§¶ ‡§î‡§∞ ‡§â‡§¶‡§æ‡§π‡§∞‡§£",1,"Pakshi Ka Paryayvachi Shabd","published","2025-03-21T13:19:04+00:00","Yes"
"0ac65272-a5ee-4b31-be32-2d77515e3b93","Ram Navami Quotes in Hindi ‚Äì ‡§∂‡•ç‡§∞‡•Ä ‡§∞‡§æ‡§Æ ‡§ï‡•á ‡§Ö‡§®‡§Æ‡•ã‡§≤ ‡§µ‡§ø‡§ö‡§æ‡§∞",24,"Ram Navami Quotes in Hindi","private","2025-03-20T13:27:43+00:00","Yes"
"b435c380-d70c-4d01-ab37-c58e0cd88bb6","Best Ram Navami Shayari in Hindi ‚Äì ‡§≠‡§ï‡•ç‡§§‡§ø‡§Æ‡§Ø ‡§∂‡§æ‡§Ø‡§∞‡•Ä ‡§∏‡§Ç‡§ó‡•ç‡§∞‡§π",19,"Ram Navami Shayari","private","2025-03-18T19:40:18+00:00","Yes"
"50456cf7-1c1f-4b39-b77b-78017fe625ff","Ram Navami Images in Hindi ‚Äì ‡§∂‡•ç‡§∞‡•Ä‡§∞‡§æ‡§Æ ‡§®‡§µ‡§Æ‡•Ä ‡§ï‡•á ‡§∏‡•Å‡§Ç‡§¶‡§∞ ‡§´‡•ã‡§ü‡•ã & Wallpapers",45,"Ram Navami Images in Hindi","private","2025-03-17T21:36:49+00:00","Yes"
"47bf95c2-3cbc-411f-884d-308a472b48af","Ram Navami Wishes in Hindi ‚Äì ‡§∂‡•ç‡§∞‡•Ä‡§∞‡§æ‡§Æ ‡§®‡§µ‡§Æ‡•Ä ‡§ï‡•Ä ‡§∂‡•Å‡§≠‡§ï‡§æ‡§Æ‡§®‡§æ‡§è‡§Ç ‡§î‡§∞ ‡§∏‡§Ç‡§¶‡•á‡§∂",20,"Ram Navami Wishes in Hindi","private","2025-03-17T09:24:02+00:00","Yes"
"f8bd99b8-bdd2-4dfe-8834-49378f1e0477","Geeta Shlok in Hindi ‚Äì ‡§Ö‡§∞‡•ç‡§• ‡§∏‡§π‡§ø‡§§ ‡§ó‡•Ä‡§§‡§æ ‡§ï‡•á ‡§Ö‡§®‡§Æ‡•ã‡§≤ ‡§∂‡•ç‡§≤‡•ã‡§ï",20,"Geeta Shlok in Hindi","private","2025-03-13T10:37:08+00:00","Yes"
"4e2d4719-87b1-48d4-9838-f2e0e29f1e2c","Jungle Ka Paryayvachi Shabd ‚Äì ‡§Ö‡§∞‡•ç‡§•, ‡§™‡•ç‡§∞‡§ï‡§æ‡§∞ ‡§î‡§∞ ‡§µ‡§æ‡§ï‡•ç‡§Ø ‡§™‡•ç‡§∞‡§Ø‡•ã‡§ó ‡§∏‡§π‡§ø‡§§",0,"Jungle Ka Paryayvachi Shabd","private","2025-03-11T23:45:09+00:00","No"
"718b633b-8abe-4014-bdae-8bb16f5b00ee","Bhagavad Gita Quotes in Hindi ‚Äì ‡§ú‡•Ä‡§µ‡§®, ‡§ï‡§∞‡•ç‡§Æ ‡§î‡§∞ ‡§ß‡§∞‡•ç‡§Æ ‡§™‡§∞ ‡§Ö‡§®‡§Æ‡•ã‡§≤ ‡§â‡§™‡§¶‡•á‡§∂",20,"Bhagavad Gita Quotes in Hindi","private","2025-03-11T21:47:46+00:00","Yes"
"7f0cc8d7-ff5e-4821-a829-eefda5ad359a","Happy Shayari in Hindi ‚Äì ‡§Æ‡•Å‡§∏‡•ç‡§ï‡§æ‡§® ‡§≤‡§æ‡§®‡•á ‡§µ‡§æ‡§≤‡•Ä ‡§¨‡•á‡§π‡§§‡§∞‡•Ä‡§® ‡§∂‡§æ‡§Ø‡§∞‡§ø‡§Ø‡§æ‡§Ç",24,"Happy Shayari in Hindi","private","2025-03-11T09:02:11+00:00","Yes"
"3ea02eb0-c005-4015-8a26-8923be7621ce","‡§≠‡§æ‡§µ‡§µ‡§æ‡§ö‡§ï ‡§∏‡§Ç‡§ú‡•ç‡§û‡§æ ‚Äì ‡§™‡§∞‡§ø‡§≠‡§æ‡§∑‡§æ, ‡§â‡§¶‡§æ‡§π‡§∞‡§£ ‡§î‡§∞ ‡§™‡•ç‡§∞‡§ï‡§æ‡§∞",0,"‡§≠‡§æ‡§µ‡§µ‡§æ‡§ö‡§ï ‡§∏‡§Ç‡§ú‡•ç‡§û‡§æ","private","2025-03-09T23:58:32+00:00","No"
"feb195a2-cac1-4448-a585-ff28c5c509fa","üé® Happy Holi Wishes ‚Äì ‡§∞‡§Ç‡§ó‡•ã‡§Ç ‡§ï‡•á ‡§∏‡§Ç‡§ó ‡§ñ‡•Å‡§∂‡§ø‡§Ø‡•ã‡§Ç ‡§ï‡§æ ‡§§‡•ç‡§Ø‡•ã‡§π‡§æ‡§∞!",16,"Happy Holi Wishes","private","2025-03-07T16:36:02+00:00","Yes"
"680f4133-ec3e-4a44-925f-f1660919d745","101+ Best Life Status in Hindi ‚Äì ‡§Ö‡§®‡§Æ‡•ã‡§≤ ‡§µ‡§ø‡§ö‡§æ‡§∞ ‡§î‡§∞ ‡§™‡•ç‡§∞‡•á‡§∞‡§£‡§æ‡§¶‡§æ‡§Ø‡§ï!",32,"Life Status in Hindi","private","2025-03-07T14:00:16+00:00","Yes"
"8fdf1ac9-80d6-40b9-a443-5930ae678d4d","Sad Status in Hindi for Life ‚Äì ‡§¶‡§∞‡•ç‡§¶ ‡§î‡§∞ ‡§Ö‡§ï‡•á‡§≤‡•á‡§™‡§® ‡§ï‡•á ‡§∏‡•ç‡§ü‡•á‡§ü‡§∏",28,"Sad Status in Hindi for Life","private","2025-03-06T10:34:22+00:00","Yes"
"7a645379-aea6-428c-9054-a1307443eeb4","Republic Day Wishes In Hindi",36,"Republic Day Wishes In Hindi","private","2025-02-19T21:06:30+00:00","Yes"
"3de2aaeb-2146-4e15-8c10-ac4d4bfeef3c","100+ Best Motivational Thoughts In Hindi ‚Äì ‡§ú‡§∞‡•Ç‡§∞ ‡§™‡§¢‡§º‡•á‡§Ç! ‚úÖ",20,"Motivational Thoughts In Hindi","private","2025-02-19T20:31:47+00:00","Yes"
"2ecfbf57-bc0a-472c-9bd4-403b66f8a14f","Breakup Shayari In Hindi",24,"Breakup Shayari In Hindi","private","2025-02-18T20:03:26+00:00","Yes"
"15d2f8f1-4876-4b48-a8b7-21390fd99b9c","Independence Day Shayari",13,"Independence Day Shayari","private","2025-02-17T10:53:51+00:00","Yes"
"8d4d471f-3776-456d-bc7b-b28d55542f46","Attitude Status",11,"Attitude Status in Hindi","private","2025-02-17T08:50:49+00:00","Yes"
"c8299ecd-490e-47e2-841a-a73d8c950fed","Shayari To Impress A Girl",6,"Shayari To Impress A Girl","private","2025-02-16T21:16:57+00:00","Yes"
"f296ead8-534c-4644-86e3-1bdc34acaed1","Good Morning Quotes In Hindi",61,"Good Morning Quotes in Hindi","private","2025-02-16T20:14:23+00:00","Yes"
"8f702099-0632-453b-8612-97005108fea3","Hindi Poetry",29,"Hindi Poetry","private","2025-02-16T19:11:57+00:00","Yes"
"96cbc636-068c-4bb1-9ea4-11c963d02ded","WhatsApp Bio Caption in English",13,"WhatsApp Bio Caption in English","private","2025-02-16T11:50:46+00:00","Yes"
"82b65f40-41cf-4d51-b488-97d0814a9caa","Love Shayari",36,"Love Shayari","private","2025-02-15T21:52:36+00:00","Yes"
"cbff251e-b4cf-4c6f-bb36-c0bb26023314","Two Line Shayari",32,"Two Line Shayari","private","2025-02-13T21:26:26+00:00","Yes"
"15d4f24f-5170-4b53-b4c3-8cb192eedd6c","Hindi Suvichar",50,"Hindi Suvichar","private","2025-02-13T20:44:38+00:00","Yes"
"f01a3e64-d093-45e5-bc46-945b4aa3c006","Life Shayari",13,"Life Shayari","private","2025-02-13T19:18:36+00:00","Yes"
"79964f70-efca-4a0d-bcb5-fc002a822bc5","Adhure Alfaaz",18,"Adhure Alfaaz","private","2025-02-12T05:38:50+00:00","Yes"
"559153bf-53b1-472c-beb1-5085cb7e20e1","Santa Banta Jokes In Hindi",7,"Santa Banta Jokes In Hindi","private","2025-02-11T19:06:46+00:00","Yes"
"b9c088f1-fb55-4a95-a86d-1747355ef497","Happy Holika Dahan Image",25,"Happy Holika Dahan Image","private","2025-02-10T19:52:04+00:00","Yes"
"fe0dac0d-2284-4e3c-a21a-6563a7b31bc0","Maa Shayari",32,"Maa Shayari","private","2025-02-10T19:33:13+00:00","Yes"
"01d95aca-0029-4408-bcd1-9a0ef323155c","100+ Unforgettable Sad Shayari Images to Touch Your Soul",66,"Sad Shayari","private","2025-01-13T13:19:29+00:00","Yes"
"2e4021a8-08d4-4f3e-9c4c-3c72fe057509","100+ Must-Read Pati Patni Jokes (BEST ‡§™‡§§‡§ø ‡§™‡§§‡•ç‡§®‡•Ä ‡§ï‡•á ‡§ö‡•Å‡§ü‡§ï‡•Å‡§≤‡•á) for Every Couple!",11,"Pati Patni Jokes In Hindi","private","2025-01-13T12:12:18+00:00","Yes"
"39411ed9-997f-43e8-a311-9f248b29cef7","Happy Republic Day Images",140,"Happy Republic Day Images","private","2025-01-13T10:23:07+00:00","Yes"
"d1f6ef2d-05c1-4ceb-88cf-658478dcaf85","35+ Heartfelt Hindi Poems on Life That Will Inspire You",12,"Hindi Poems on Life","private","2025-01-07T19:44:13+00:00","Yes"
"c43d6303-a8f7-4b25-a2ac-7204ffecb2fc","Good Night Wishes & Messages",27,"Good Night Wishes Card","private","2025-01-03T14:58:24+00:00","Yes"
"d476f157-63e3-4590-b14c-7666de5189f3","105+ Romantic Happy Valentines Day Quotes You‚Äôll Love!",21,"Happy Valentines Day Quotes","private","2025-01-03T14:41:10+00:00","Yes"
"f3388795-f2ae-46ce-b70a-cd2016d56694","30+ Hilarious Teacher Student Jokes in Hindi You Can‚Äôt Miss!",20,"Teacher Student Jokes In Hindi","private","2025-01-03T14:18:31+00:00","Yes"
"2f70dd54-d0aa-4fcc-b4ed-fbd374431b8e","451+ Best Love Status in Hindi to Touch Your Heart ‚ù§Ô∏è",40,"Love Status","private","2025-01-02T14:40:10+00:00","Yes"
"08183122-aa38-43e7-81a0-cb1b41772b8b","131+ Powerful Republic Day Quotes to Honor India‚Äôs Freedom and Unity",22,"Republic Day Quotes","published","2024-12-28T13:29:52+00:00","Yes"
"4f3882f5-50d5-4382-8182-2819138f8599","101+ Inspiring Motivational Shayaris in Hindi to Empower Your Journey",29,"Motivational Shayari","private","2024-12-28T11:08:51+00:00","Yes"
"565a11cf-6ec9-4af5-b5df-5336ae970911","10+ Unforgettable Imran Pratapgarhi Shayaris That Will Melt Your Heart",4,"Imran Pratapgarhi Shayari","private","2024-12-28T10:41:06+00:00","Yes"
"e9b47c15-9d44-4e79-97a3-f9556de61d87","Dosti Status",50,"Dosti Status","private","2024-03-07T19:53:01+00:00","Yes"
"f37f5d20-fb72-472d-985c-1f75c529446e","Holika Dahan Wishes",18,"Holika Dahan Wishes","private","2024-03-07T19:43:19+00:00","Yes"
"888f61e1-6985-45a5-b98b-5511f18ba860","Today Special Good Morning Images",74,"Good Morning Images","private","2024-02-28T19:37:26+00:00","Yes"
"d425e02e-38e5-41f4-83a8-2a41e89120dc","Good Night Shayari In Hindi",37,"Good Night Shayari In Hindi","private","2024-02-25T08:33:56+00:00","Yes"
"b463fb98-c864-462a-a6da-72e8e8bcf82e","Top 50+ Kabir Ke Dohe In Hindi",80,"Kabir Ke Dohe","private","2024-02-25T08:10:49+00:00","Yes"
"1b883c9a-4d7b-4d70-be7c-c92a2a7d1c6d","Positive Quotes",24,"Positive Quotes","private","2024-02-23T12:00:58+00:00","Yes"
"0b69358a-a1c6-4171-aa68-80d323f0df19","Kumar Vishwas Shayari",12,"Kumar Vishwas Shayari","private","2024-02-23T10:52:54+00:00","Yes"
"4d967de1-1a34-4cfd-8f16-590bedbf9ffd","Birthday Wishes For Sister",12,"Birthday Wishes for Sister","private","2024-02-23T10:33:02+00:00","Yes"
"52f48e29-9502-4c63-bdf5-89a7091dcfb6","Attitude Status in Hindi",14,"Attitude Status in Hindi","private","2024-02-22T11:04:03+00:00","Yes"
"44b7cee4-fb7e-42ee-8e5f-b40018fbd0b8","Alfaaz Shayari In Hindi",59,"Alfaaz Shayari In Hindi","private","2024-02-21T10:59:43+00:00","Yes"
"c5194757-6d4a-405b-8f47-2dd7537fbbd3","Inspirational Quotes",28,"Inspirational Quotes","private","2024-02-21T10:07:46+00:00","Yes"
"749f95c7-1e3a-4413-ad4c-58c28d8ce9a5","Bewafa Shayari",38,"Bewafa Shayari","private","2024-02-20T17:24:34+00:00","Yes"
"c4242535-fd2f-4793-9356-56f88411741a","Birthday Wishes for Brother",17,"Birthday Wishes for Brother","private","2024-02-15T10:12:16+00:00","Yes"
"7c5255ef-14d8-41c4-8c65-57fda0bdb08c","Happy Valentine's Day Images",54,"Happy Valentine‚Äôs Day Images","private","2024-02-13T21:38:03+00:00","Yes"
"5a214f44-f681-4755-aff7-3b24e8a8e589","Saraswati Mata Images",83,"Saraswati Mata Images","private","2024-02-13T21:20:23+00:00","Yes"
"78e80653-31db-4d3d-8b4d-cdb25347e249","Anmol Vachan",55,"Anmol Vachan","private","2024-02-10T17:16:43+00:00","Yes"
"6d6f6b42-e92f-41cf-88d2-8b1eed9532e6","Nida Fazli Poetry",18,"Nida Fazli Poetry","private","2024-02-10T16:51:21+00:00","Yes"
"b02d464d-ecba-4fb8-8b59-21d190da4ea9","Happy Saraswati Puja Wishes",18,"Happy Saraswati Puja Wishes","private","2024-02-08T17:18:55+00:00","Yes"
"eb8e5a95-0d27-4ddf-b308-ffacee50c66d","Happy Valentine Day Shayari",26,"Happy Valentine Day Shayari","private","2024-02-08T17:08:43+00:00","Yes"
"88f9d595-b94d-4c29-bf12-7e3efaa148cc","Happy New Year Wishes in Hindi",39,"Happy New Year Wishes in Hindi","private","2024-01-01T17:34:50+00:00","Yes"
"8be1a783-d7a2-440e-a17b-140a332fe6f8","Happy New Year 2024 Wishes And Images",32,"Happy New Year 2024 Wishes And Images","private","2024-01-01T17:30:06+00:00","Yes"
"b2ceac2d-38a8-477c-99ec-deb2f18f58d4","Happy Birthday Images",72,"Happy Birthday Images","private","2023-12-30T16:31:18+00:00","Yes"
"2a0ae9a8-94f2-40f7-a698-f220d2e46288","Raksha Bandhan Shayari",19,"Raksha Bandhan Shayari","private","2023-12-30T16:22:34+00:00","Yes"
"7aff580b-98a2-4bb0-b01f-94b11a9e00d0","Firaq Gorakhpuri Shayari",36,"Firaq Gorakhpuri Shayari","private","2023-12-27T16:46:07+00:00","Yes"
"6a98dabc-dd23-4630-90b8-0a18c2ebaa64","Life Quotes",24,"Life Quotes","private","2023-12-24T07:29:30+00:00","Yes"
"f014590a-c984-4e32-90eb-965bceec84ac","Sad Quotes",23,"Sad Quotes","private","2023-12-22T17:53:03+00:00","Yes"
"53ab8ee5-eb91-4935-a422-a5ca398a1d47","Happy Makar Sankranti Wishes",25,"Happy Makar Sankranti Wishes","private","2023-12-22T17:43:16+00:00","Yes"
"78ab5ea4-b52b-4d24-b573-6fb66a2a122b","Allama Iqbal Shayari",36,"Allama Iqbal Shayari","private","2023-12-19T16:29:43+00:00","Yes"
"77755d60-0f51-4479-82a7-cfe06ddf958c","Dard Bhare Alfaaz",15,"Dard Bhare Alfaaz","private","2023-12-18T16:23:55+00:00","Yes"
"d17a4dc8-4495-4173-9d91-f1c0fb3929bf","Merry Christmas Wishes and Christmas Cards",33,"Merry Christmas Wishes","private","2023-12-07T20:28:38+00:00","Yes"
"11d2d3aa-9458-4d05-b281-0afe88e22f1c","Contact Us",0,"contact","private","2023-08-09T10:33:22+00:00","No"
"a1b849cc-32c8-4933-bd86-be33015bcda2","Disclaimer",0,"disclaimer","private","2023-08-09T10:29:53+00:00","No"
"c38ee64b-e023-4fd0-a918-0766fe418aed","Terms and Conditions",0,"terms conditions","private","2023-08-09T10:29:22+00:00","No"
"90732008-4489-4d09-8e4f-dcb7537a48ad","About Us",0,"about","private","2023-08-09T10:23:35+00:00","No"
"1ae6db54-9993-4d0a-ba8b-550edc060d76","Privacy Policy",0,"privacy policy","private","2023-07-20T17:28:21+00:00","No"

"SUMMARY","Total Posts: 151","Total Images: 3104","Average Images per Post: 20.56","","",""
